"(Post-CDA closure) I am the CDA trustee and was notified that there is excess CDA balance to be refunded. However, I am divorced and my ex-husband/ex-wife has care and control of my child. Can I receive the excess CDA balance?","Based on the Child Development Co-Savings Act or CDCA, the parent who has care and control of the child shall be the CDA trustee. 

If the care and control of the child has changed (by mutual agreement or a court order) before the CDA was closed on 31 December of the year your child turns 12, you can write to MSF (MSF_babybonus@msf.gov.sg) along with the relevant supporting documents."
"(Post-CDA closure) My spouse is the CDA trustee and was notified that there is excess CDA balance to be refunded. We are in the midst of divorce and as I am caring for the child, can I receive the excess CDA balance?","Excess CDA balance will be credited to the bank account as nominated by the CDA trustee.

Based on the Child Development Co-Savings Act (CDCA), the parent who has care and control of the child shall be the CDA trustee. 

If the care and control of the child has changed (by mutual agreement or a court order) before the CDA was closed on 31 December of the year your child turns 12, you can write to MSF (MSF_babybonus@msf.gov.sg) along with the relevant supporting documents."
(Pre-CDA closure) I am the CDA trustee but I am divorced. My ex-husband/ex-wife has care and control of my child. Do I need to change the CDA trustee?,"Based on the Child Development Co-Savings Act (CDCA), the parent who has care and control of the child shall be the CDA trustee. If you have not changed CDA trustee to the person with care and control of the child, please submit a request to do so by following these steps:-

 1. Go to Baby Bonus Online (BBO) (www.babybonus.msf.gov.sg/parent)
    
    
 2. Click “View/Update My Baby Bonus Details” and log in with your SingPass
    
    
 3. If it is your first log-in, please update “User Profile” with your contact details in order to see the options available to you. 
    
    
 4. Click ‘Request to change CDA Trustee’ 
    
    
 5. Complete online form and click ‘Submit’
    
    As your child’s CDA will be closed on 31 December of the year your child turns 12, you have to submit your request online by the deadline indicated in the letter sent by MSF.
    
    If you do not have access to BBO, you can write to MSF (MSF_babybonus@msf.gov.sg) along with the relevant supporting documents."
(Pre-CDA closure) My spouse is the CDA trustee. We are in the midst of divorce and I am caring for the child. Can I change the CDA trustee to myself?,"Based on the Child Development Co-Savings Act (CDCA), the parent who has care and control of the child shall be the CDA trustee. 

If you have care and control of the child, you may wish to discuss with the current CDA trustee to change the trustee to you. The trustee may submit a request online by following these steps: - 

 1. Go to Baby Bonus Online (BBO) (www.babybonus.msf.gov.sg/parent)
    
    
 2. Click “View/Update My Baby Bonus Details” and log in with your SingPass
    
    
 3. If it is your first log-in, please update “User Profile” with your contact details in order to see the options available to you. 
    
    
 4. Click ‘Request to change CDA Trustee’ 
    
    
 5. Complete online form and click ‘Submit’
    
    As your child’s CDA will be closed on 31 December of the year your child turns 12, you have to submit your request online by the deadline indicated in the letter sent by MSF. 
    
    

If you do not have access to BBO, you can write to MSF (MSF_babybonus@msf.gov.sg) along with the relevant supporting documents."
I have received MSF’s letter informing me that my child’s/ward’s CDA has excess balance to be returned. What do I need to do next?,"To submit your bank details to receive your refund, please follow the instructions in MSF’s letter sent to your residential address. 

Alternatively if the CDA trustee has SingPass:

 1. Click “View/Update My Baby Bonus Details” on Baby Bonus Online. 
 2. Log in with SingPass. 
 3. Click “Crediting of excess CDA balance”."
My child’s CDA trustee is a third party and I would like to change the trustee to myself/my spouse. How can I change CDA trustee?,"To change the Child Development Account (CDA) trustee, the current trustee must log in with his or her SingPass and use the 'Change CDA Trustee' option found in ‘View/Update My Baby Bonus Details’ on the Baby Bonus Online. 

You also check the status of your request by selecting 'Services Status'

The bank will be updated within 2 weeks after the new CDA trustee has accepted the terms and conditions. If the new trustee does not accept the terms and conditions within 28 days, you have to go online to submit another request.

If the CDA trustees are not Singapore Citizens or the CDA trustees are unable to submit a request online, the CDA trustees or requestors must submit a request for change of CDA bank using this form. Simply enter “CDA trustee or Cash Gift Bank account holder” in the ‘Subject field and key in your details. A form will be sent to the CDA trustee and his or her spouse to complete.

We will send a SMS or email link to the newly nominated CDA trustee to accept the terms and conditions of the CDA bank.

If the new CDA trustee is a foreigner or a third-party, they will receive a letter for change of CDA Trustee from MSF that allows them to update the bank."
My child’s CDA will be closing this year. Can I still change my child’s CDA trustee?," You do not need to change CDA trustee, unless there has been a change in care and control arrangements for your child. 

When the CDA is closed, the CDA balance will be transferred to your child’s Post-Secondary Education Account or PSEA under the Ministry of Education (MOE), subject to a cap."
The CDA trustee is a third party. Who will receive the excess CDA balance to be refunded?,"If there is excess CDA balance to be returned, it will be credited to the bank account as nominated by the CDA trustee."
What can the PSEA funds be used on?,"The funds in the PSEA can be used by your child and his/her sibling for post-secondary education at the locally based ITE, polytechnics and universities. 

For more information on how to use the PSEA, you may wish to visit Ministry of Education's website."
What happens to the CDA balance after my child’s CDA is closed?,"When the CDA is closed, unused funds will be automatically transferred to your child’s Post-Secondary Education Account (PSEA) under the Ministry of Education (MOE), subject to a cap. 

MOE will inform you of the amount transferred to the PSEA within 3 months from CDA closure. MSF will notify CDA trustees if there is excess CDA balance to be returned. 

For more information on PSEA, please visit the MOE’s website."
What is my CDA remaining cap for dollar-for-dollar Government matching?,"For children born between 1 Jan 2008 and 16 Aug 2008, only children of the second to fourth birth order are entitled to the dollar-for-dollar Government matching in the Child Development Account (CDA).



You can check the remaining Government matching cap by following these steps:

 * Go to Baby Bonus Online (BBO) (www.babybonus.msf.gov.sg/parent)
   
   
 * Click “View/Update My Baby Bonus Details” and log in with your SingPass
   
   
 * If you are login in to Baby Bonus Parent Portal for the first time, please update your profile in order to see more information. 
   
   
 * Click “View Statement” at Family View for the remaining cap amount."
What is my child’s CDA closing balance?,"You can view the transactions made in your Child Development Account or CDA in the monthly statement sent by your CDA bank, or through Internet Banking. 

You may also go to 'View Statement Summary' on the Baby Bonus Online, log in using your SingPass, and select 'View Statement ' to view the CDA payment details and “Remaining Cap Amount”. 

 

For a quick guide on the opening of a CDA and your child’s benefits, you can check out this video under #BiteSizedBabyBonus in Baby Bonus Parenting Resources Facebook Page."
What is the maximum CDA balance that will be transferred to my child’s Post-Secondary Education Account or PSEA?,"The maximum amount that can be transferred to the PSEA is based on the sum of the Government matching cap, the deposits made by parents or third parties up to the Government matching cap, any Child Development Credit and any accrued interest. Any CDA balance above this cap will be refunded to the CDA trustee. MSF will notify the CDA trustee about the refund arrangement by early next year (around Feb) after the CDA has closed."
"When will I be informed whether there is excess CDA balance to be returned, and how can I inform MSF which bank account to receive the funds?","MSF will notify CDA trustees if there is excess CDA balance to be returned and how you may receive the funds by early next year (around Feb), after the CDA has closed."
Will I still be able to receive dollar-for-dollar matching contributions from the Government after the CDA is closed?,"If your child is eligible for CDA dollar-for-dollar matching and you have not saved up to the matching cap by the time the CDA is closed, you may continue to save in the PSEA until your child turns 18 years old to receive the remaining dollar-for-dollar Government matching. 

For more information on PSEA, please visit the Ministry of Education's website"
How do I apply to provide the Baby Bonus NETS service?,"Approved Institutions (AI) that need to enable the Baby Bonus NETS service on their NETS terminal must submit the NETS Service Application Form with their Accounting and Corporate Regulatory Authority (ACRA) Registration Number, and a copy of the 'MSF Letter of Approval' to:

NETS Sales & Customer Service Contact Centre
298 Tiong Bahru Road #02-01
Central Plaza Singapore 168730

You can obtain the NETS Service Application Form from the Approved Institution Portal. The form can be found at the bottom of the webpage. MSF will send the Letter of Approval to the Approved Institution within 3 weeks from acceptance of Terms and Conditions."
My organisation is a NETS merchant. Will there be additional fees to provide the Baby Bonus NETS service?,You need to be an Approved Institution (AI) to apply for the Baby Bonus NETS service. There is no change to your existing transaction charges and terminal subscription fees for the Baby Bonus NETS service.
How can my organisation apply to be a Baby Bonus Approved Institution (AI)?,"For an organisation to be a Baby Bonus AI, please apply through the Baby Bonus Online AI Portal by following these steps:
• Select ‘Join Using CorpPass’
• Complete all fields in capital letters
• Ensure that the UEN and Institution Code are entered correctly

The applicant must be the Authorised Person (AP) to transact on behalf of your company.

If the application is successful, the AP will receive an email notification to accept the Approved Person/Institution Terms and Conditions within 3 working days from the application.A Letter of Approval and Baby Bonus stickers will also be sent to your company’s address within 3 weeks. You can then apply for the CDA GIRO with the bank and/or enable the Baby Bonus NETS service on your NETS terminals.Please note that:
• If your organisation is a newly licensed early child-hood development centre, the AP will not be required to submit a new application to be an AI. The AP will automatically receive an invitation to accept the AI status for each outlet.
• For other organisations, the AP must submit an application for each outlet."
How much does an organisation need to pay to register as an Approved Institution (AI) with MSF?,No payment is required to register as an Approved Institution (AI) with MSF.
"I have entered the UEN using 'Join as an Approved Institution (AI)' service, but your system does not have matching records of my UEN. Can I still submit my application?","If the system does not have a record of your UEN, you can still proceed to apply to join as an AI. Please complete all other mandatory fields in the application and MSF will verify your records."
"I have entered the UEN using the 'Join as Approved Institution (AI)' service, but your system indicated that my UEN is invalid. What should I do?","To join as an AI, please verify your UEN again if the system prompts that your UEN is invalid. If you are unsure, please check with the Accounting and Corporate Regulatory Authority (ACRA)."
Is there a validity period to be a Baby Bonus Approved Institution (AI)?,"There is no validity period to be an AI. However, the approval granted by the MSF is subject to compliance with the Approved Person/Institution Terms and Conditions."
Why is my Approved Institution (AI) application not approved?,"If your institution has been licensed or registered with the relevant governing body but your application for AI is not approved, please submit a new application to the MSF using the correct UEN and Institution Code.

For your reference, here are some examples:
• Early Childhood Development Centre code issued by the Early Childhood Development Agency (ECDA) (PT1234)
• Ministry of Education (MOE) kindergarten or MOE kindergarten care code issued by the MOE (KM0123)
• Healthcare Institution (HI) code issued by the Minis-try of Health (MOH) (1234567)
• Early Intervention (EI) Registration Number for Early Intervention Programme issued by MSF / Early Childhood Development Agency (ECDA) (EP12345)
• Pharmacy Certificate Number issued by the Health Sciences Authority (HSA)
If you are unsure of your UEN, you may wish to check your UEN with the ACRA.

If you are unsure of your institution code, please check with the Governing body or write in to us using this form. Simply enter ‘Baby Bonus Approved Institution’ in the Subject field and key in your details."
How do I find out more information about Approved Institutions (AI)?,"To find more about Approved Institutions (AIs), please visit our Approved Institution Portal."
"If an Approved Institution (AI) makes a refund into the CDA, how long will the process take before I receive the refund?"," You may want to check with the AI directly on the processes. 

Note that the refund must be made into the CDA within one month from the date agreed upon by both the CDA trustee and the AI."
My centre is an Approved Institution (AI). Can I request for additional Baby Bonus AI sticker?,"If you would like to request for additional Baby Bonus AI sticker, please send us your request by using this form. Simply enter ‘Request for Baby Bonus AI sticker’ in the Subject field and key in your AI details and uses for the sticker."
Who do I contact for enquiries and feedback on Approved Institution (AI)?,"For enquiries and feedback on AI, you may write to us using this form. Simply enter ‘Baby Bonus Approved Institution’ in the Subject field. Alternatively, you may call the Baby Bonus hotline at 1800 253 7707 or (+65) 6253 7707 if you are overseas.

For enquiries on Banks' Child Development Account (CDA) Products & Baby Bonus Cards, please contact:DBS Bank at 1800 339 6666 
or visit their website at http://www.dbs.com.sg/OCBC Bank at 1800 438 6088 
or visit their website at www.ocbc.com/babybonusUOB at 1800 222 2121 
or visit their website at http://www.uob.com.sg/Baby Bonus NETS Service
Sales & Customer Service Centre at 6274 1212
or visit their website at http://www.nets.com.sg/"
Are eligible institutions required to register all of its business entities/centres belonging to the same Company as a Baby Bonus AI?,"Under the Approved Person/Institution Terms and Conditions, each business outlet or centre belonging to the same eligible institution must be independently registered as AI before it can deduct funds from the CDA for approved uses.

For example, if a company owns 3 business outlets in Ang Mo Kio, Bedok, and Clementi, all three outlets must be registered independently as an AI before they can deduct funds from the CDA for approved uses."
How can I check whether my organisation is eligible to be a Baby Bonus Approved Institution?,You can check your organisation's eligibility to be a Baby Bonus Approved Institution on the Approved Institution Portal.
What is a Baby Bonus Approved Institution (AI)?,An AI is any approved educational or healthcare institution registered with MSF under the Baby Bonus Scheme. Parents can use funds in their child’s CDA to make payment for approved uses at Baby Bonus AI.
Who can apply to be a Baby Bonus Approved Institution (AI)?,"The following organisations are eligible to apply to be a Baby Bonus AI:

● Early childhood development centre which holds a licence under the Early Childhood Development Centres Act
● Preschool or special education school registered with the Committee for Private Education (CPE) as a Private Education Institution
● Special education school registered with Ministry of Education (MOE)
● MOE Kindergarten and MOE kindergarten Care 
● Early intervention programme registered with MSF/Early Childhood Development Agency (ECDA)
● Assistive technology device provider registered either with National Council of Social Service (NCSS), the Ministry of Health (MOH) or Accounting and Corporate Regulatory Authority ( ACRA)
● Hospital or clinic licensed by the Ministry of Health (MOH)
● Pharmacy registered with the Health Sciences Authority (HSA)
● Optical shop registered ACRA"
I am a CorpPass user and I have registered my entity as an AI on behalf of my Approved Person (AP). How can I complete the Approved Institution (AI) acceptance process?,"The AI acceptance can only be made by your entity's AP. The AP will receive a notification to complete the AI acceptance. 

If your AP has a CorpPass, he or she can login to complete the acceptance. Otherwise, your entity's nominated CorpPass administrator has to assign the AP the user role for ‘Baby Bonus Approved Institutions (BBAI) digital service’ on the CorpPass website."
I am an Approved Person (AP) and have submitted a request for a change of AP. How can the new AP accept the terms and conditions?,"A notification will be sent to the new AP to accept the terms and conditions within 7 working days of the approval of such change. 

Please note that the new AP must first be assigned a CorpPass for the Baby Bonus AI e-Service."
I am an Approved Person (AP) Can I still login to AI Portal using Singpass to access the e-services?," APs are no longer able to use SingPass to access the AI Portal from 1 September 2018. 

Please register for CorpPass if your entity has not done so.

Your entity’s nominated CorpPass Administrator has to assign you the user role for “Baby Bonus Approved Institutions (BBAI) digital service” on the CorpPass website."
"Is it true that as long as I have a CorpPass, I can apply to be an Approved Institution (AI) or Approved Person (AP)?","

No, to be an AI, your organisation must be either an educational or a healthcare institution licensed or registered with the relevant regulatory or licensing body. 

An AP should be a person authorised to make decision on behalf of the organisation, and oversee the administration of CDA-related transactions for the AI."
Why am I unable to login to the Approved Institution (AI) Portal to access AI e-services using my entity’s CorpPass.,"You must be an Approved Person (AP) or Authorised Affiliate (AA) in order to log in to the AI Portal.

If you are an AP or AA and wish to access AI e-services with your CorpPass, your entity’s nominated CorpPass Administrator has to assign you the user role for ‘Baby Bonus Approved Institutions (BBAI) digital service’ on the CorpPass website.

Users who have CorpPass but are not APs would not be able to access."
Why must we use CorpPass to access Approved Institution (AI) e-services?,"Businesses currently conduct business transactions through multiple digital identities such as SingPass and EASY. Having a single corporate digital identity will increase convenience for users who transact with multiple government agencies, as they no longer need to handle multiple login IDs. CorpPass will also allow businesses to have greater control, as they will be able to grant and manage employee access to Government digital services."
Can my organisation withdraw from the AI status?,"Organisations who wish to withdraw their Approved Institution (AI) status should submit their request using the ""Withdraw AI Status"" service on our Approved Institution Portal."
How can I change the Approved Person (AP) for my AI?,"The existing AP can submit a request to change AP using the ‘Update AI Details fees’ service on our Approved Institution Portal. 

Note that the newly-appointed AP needs to accept the AP/AI Terms and Conditions within 7 working days of the approval of such change."
How can I update MSF with the details of my business and the Approved Person’s (AP) particulars?,"The AP may update business and/or personal particulars, by selecting the ‘Update AI Details’ service on our Approved Institution (AI) Portal.

The following categories of AI may update the details through their respective governing bodies, which will then be updated automatically in the AI Portal:
• Early childhood development centres which hold a licence under the Early Childhood Development Centres Act; 
• Hospitals or clinics licensed by the Ministry of Health (MOH); and 
• Pharmacies licensed by the Health Sciences Authority (HSA)"
"If an Approved Institution (AI) needs to update its bank account details, does it need to inform MSF?","To update bank account details, the Approved Person of the AI may use the ‘Update AI details’ service on the Approved Institution Portal. 

If the AI has an existing GIRO/Direct Debit Authorisation (DDA) arrangement, they should inform their new bank. 

To update bank account details, Approved Institutions (AIs) may use the ""Update AI details"" service on the Approved Institution Portal. If the AI has an existing GIRO/Direct Debit Authorisation (DDA) arrangement, they should inform their new bank."
What is CorpPass?,"CorpPass stands for Singapore Corporate Access. Its concept is similar to SingPass. SingPass is for individuals while CorpPass is for organisations.

In order to transact online with Government agencies, your entity will need to have a CorpPass.


You can visit the CorpPass website to find out more on how to register for CorpPass."
Can Approved Institution deduct administrative fees from the CDA?,"

All Approved Institutions (AIs) are not allowed to deduct administrative fees from the CDA. Funds in the CDA are intended to support the developmental needs of children and should not be diverted to pay for administrative fees. 

This includes, but are not limited to, (a) Charges for processing CDA payments, (b) Penalty fees for the late payment of school fees, and (c) Penalty charges and Bank charges for failed direct debits in the CDA. Please click here to check the types of expenses that an AI can deduct from the CDA."
Can the Approved Institution (AI) make a refund in the CDA on behalf of parents for the payments made in cash?,"Cash payments collected by AI from parents should be refunded in cash.

The AI can make a refund into the CDA only if the refunded amount was originally deducted from the CDA. The refunded amount will not be matched.

Should an AI need to refund any payment made out of the CDA, the refund must be made into the CDA: 
(a) via the AI Portal or GIRO, from the corporate bank account into which the said payment was made to; and
(b) within one month from the date agreed upon by both the trustee and AI."
How can I check the identity of the Child CDA member and the siblings?,"Approved Institution (AI) can identify the CDA member through the child’s name embossed on the CDA NETS card. 

Please note that an AI (excluding pharmacies) must verify and record the sibling relationship for CDA NETS transactions above $500 or recurring CDA GIRO transactions, which are incurred for the CDA member’s sibling.The verification of the sibling relationship can be done, for example, by asking the parent to declare in writing the relationship between the member and the intended beneficiary of the CDA payment."
How do I ensure proper deductions from the CDA?," To ensure proper deductions from the CDA, Approved Institution (AI) must ensure that deductions are made only for approved expenses as stipulated in the Approved Person/Institution Terms and Conditions. 

In addition, an AI should verify that the person making withdrawals is the CDA trustee. For recurring CDA GIRO transactions or CDA NETS transactions above $500 that are incurred for the CDA member’s sibling, the AI (excluding pharmacies) must verify and record the relationship between member and the member’s sibling. 

The verification may be made, for example, by asking the trustee to declare in writing the relationship between the member and the intended beneficiary of the CDA payment."
I am an AI. I have submitted a refund request using the Approved Institution (AI) Portal. How can I check if the refund has been credited into the child’s CDA?,"

It will take around two weeks for the refund to be credited into the child’s CDA.

You can check your corporate bank records after two weeks.



Please ensure that the CDA trustee is aware of the time needed for the refund to be completed. Note that the refund must be made into the CDA within one month from the date agreed upon by both the CDA trustee and the AI."
I am supposed to receive a refund from the Approved Institution (AI). How do I know whether the refund has been credited into my child’s CDA?,"

If the AI has submitted a refund request using Baby Bonus Online AI Portal, it will take around two weeks for the refund to be credited into the child’s CDA.

You can check your child’s CDA for the refund after two weeks."
"I tried to make a refund using 'Refund to the Child Development Account (CDA) service'. It indicated, ""the selected institution is not allowed to perform the refund request"".","Approved Institutions (AIs) using the 'Refund to the Child Development Account (CDA)’ service for the first time must submit a one-time Direct Debit Authorisation (DDA) application to the bank through MSF. You can find the DDA form on the AI Portal. 

You can send the DDA application form by post to

Services Processing Officer
Ministry of Social and Family Development
Family Development Group (Baby Bonus & Leave Branch)
Family@Enabling Village
20 Lengkok Bahru, #04-02
Singapore 159053

You do not need to complete any other forms for tracking of refunds or keep MSF informed of the refunds. You can keep track of your refunds by referring to your own corporate account after 2 weeks."
What Child CDA records do AIs need to maintain?,"

Approved Institutions (AIs) need to maintain the following records on CDA deductions for a period of 3 years from the date of withdrawal:• Account number of the CDA out of which payment is made
• Name of child who is the CDA member or the child’s sibling
• The relationship between the CDA member and the member’s sibling, if payment is made for the benefit of the member’s sibling
• Amount deducted from the CDA
• Mode of payment (CDA GIRO or CDA NETS)
• Purpose of payment
• Transaction date and other transaction details (if applicable)The records and supporting documents shall be maintained in a format which can be retrieved for checks and verification."
What is the penalty for misuse of the CDA?,"Parents (CDA trustees), Approved Persons (APs) or Approved Institution (AIs) can be held liable for any misuse of the CDA. To better understand the terms governing the use of the CDA, please refer to the Approved Persons/Institution Terms & Conditions on our Approved Institution Portal."
When do Approved Institutions (AIs) need to make a refund to the CDA?,"For refunds of fees paid out from a CDA, AI should refund the amount directly to the CDA using one of the following options:

Option 1: Through interbank GIRO using the corporate bank account that the AI has registered with MSF.

Option 2: Through the AI Portal using the Refund to CDA.

The refund should be made within one month from the date agreed upon by both the CDA trustee and the AI.

Note: To use the refund function on the AI Portal, a one-time Direct Debit Authorisation (DDA) application is to be submitted to the bank through MSF. You can find the DDA form on our Approved Institution Portal."
When do I need to check the relationship between the Child CDA member and the member’s sibling?,"For CDA NETS transactions that are above $500 or recurrent CDA GIRO transactions, the Approved Institution (AI) (excluding pharmacies) must verify and record the relationship between the CDA member and the member’s sibling.

The verification may be made, for example, by asking the trustee to declare in writing the relationship between the member and the intended beneficiary of the CDA payment."
Are children of unwed parents eligible to join the Baby Bonus Scheme?,"Children of unwed parents are eligible to join the Baby Bonus Scheme if they are Singapore Citizens and were born on, or after 1 September 2016 to the receive CDA benefits.

To check if your child is eligible for Baby Bonus, you can use the “Check Eligibility” on Baby Bonus Online."
Do I need to pay back the Baby Bonus benefits if my child gives up his/her citizenship after 21 years old?,A child will remain a Singapore Citizen until he or she turns 21 years old. We do not recover the Baby Bonus benefits that are already paid out unless fraud or payment error is suspected.
How do I join the Baby Bonus Scheme?,"To join the Baby Bonus Scheme, please start by checking your child’s eligibility on Baby Bonus Online. If your child qualifies, you may proceed to apply by following these steps.

STEP 1: Visit Baby Bonus Online.

STEP 2: Click “Join”. It will bring you to a SingPass log-in page.

STEP 3: Log in using your SingPass.

STEP 4: Complete the relevant sections in the application form.

STEP 5: Click “Submit” when done.

When applying, please note that both parents have to decide which parent or a third party will

 * receive the cash gifts as a Nominated Bank Account Holder, and
 * manage the Child Development Account (CDA) as a CDA trustee.
   

You may wish to know that the Nominated Bank Account Holder for the cash gift and the CDA trustee can be the same person or different persons. The CDA trustee has to be above the age of 18 and must not be a bankrupt."
"If my spouse and I were not citizens at the time of my child’s birth, what are the pro-rated benefits that my child will receive?",You can check your child’s eligibility and Baby Bonus Benefits on Baby Bonus Online using the “Are You Eligible” tool.
What are the Baby Bonus benefits for children of unwed parents?,"Children of unwed parents can enjoy Child Development Account (CDA) benefits if they were born on, or after 1 September 2016.

They will receive the CDA First Step Grant when they join the Baby Bonus Scheme and open a CDA.

They will also receive Government matching contributions for each dollar saved into the CDA, up to the maximum amount shown in the table below:

Birth Order

CDA Benefits

CDA First Step

Dollar-for-Dollar matching

1st & 2nd Child

$3,000

Up to $3,000

3rd & 4th Child

Up to $9,000

5th Child and higher

Up to $15,000"
What are the Baby Bonus Benefits for my child? - 1 Jan 2006 to 16 Aug 2008 – First,"Your child will have up to $3,000 of Baby Bonus Benefits comprising:  * Cash Gift of $3,000 only"
What are the Baby Bonus Benefits for my child? - 1 Jan 2006 to 16 Aug 2008 – Second,"Your child will have up to $9,000 of Baby Bonus Benefits comprising:

 * Cash Gift of $3,000
   
   
 * Dollar-for-dollar Government Matching Contribution of up to $6,000
   
   

When parents save in the Child Development Account, the Government will match dollar-for-dollar in the Account up to the maximum Government matching contribution within 2 weeks (excluding public holidays). Savings above the maximum Government matching contribution will not be matched."
What are the Baby Bonus Benefits for my child? - 1 Jan 2006 to 16 Aug 2008 - Third and Fourth,"Your child will have up to $18,000 of Baby Bonus Benefits comprising:

 * Cash Gift of $6,000
   
   
 * Dollar-for-dollar Government Matching Contribution of up to $12,000
   
   

When parents save in the Child Development Account, the Government will match dollar-for-dollar in the Account up to the maximum Government matching contribution within 2 weeks (excluding public holidays). Savings above the maximum Government matching contribution will not be matched."
What are the Baby Bonus Benefits for my child? - 1 Jan 2015 to 23 Mar 2016 (Fifth and beyond),"Your child will have up to $28,000 of Baby Bonus Benefits comprising:

 * Cash Gift of $10,000
   
   
 * Dollar-for-dollar Government Matching Contribution of up to $18,000
   
   

When parents save in the Child Development Account, the Government will match dollar-for-dollar in the Account up to the maximum Government matching contribution within 2 weeks (excluding public holidays). Savings above the maximum Government matching contribution will not be matched."
What are the Baby Bonus Benefits for my child? - 1 Jan 2015 to 23 Mar 2016 (First and Second),"Your child will have up to $14,000 of Baby Bonus Benefits comprising:

 * Cash Gift of $8,000
   
   
 * Dollar-for-dollar Government Matching Contribution of up to $6,000.
   
   

When parents save in the Child Development Account, the Government will match dollar-for-dollar up to the maximum Government matching contribution within 2 weeks (excluding public holidays). Savings above the maximum Government matching contribution will not be matched."
What are the Baby Bonus Benefits for my child? - 1 Jan 2015 to 23 Mar 2016 (Third and Fourth),"Your child will have up to $22,000 of Baby Bonus Benefits comprising:

 * Cash Gift: $10,000
   
   
 * Dollar-for-dollar Government Matching Contribution: Up to $12,000
   
   

When parents save in the Child Development Account, the Government will match dollar-for-dollar in the Account up to the maximum Government matching contribution within 2 weeks (excluding public holidays). Savings above the maximum Government matching contribution will not be matched."
What are the Baby Bonus Benefits for my child? - 17 Aug 2008 to 25 Aug 2012 (First and Second),"Your child will have up to $10,000 of Baby Bonus Benefits comprising:

 * Cash Gift of $4,000
   
   
 * Dollar-for-dollar Government Matching Contribution of up to $6,000
   
   

When parents save in the Child Development Account, the Government will match dollar-for-dollar in the Account up to the maximum Government matching contribution within 2 weeks (excluding public holidays). Savings above the maximum Government matching contribution will not be matched."
What are the Baby Bonus Benefits for my child? - 17 Aug 2008 to 25 Aug 2012 (Third and Fourth),"Your child will have up to $18,000 of Baby Bonus Benefits comprising:

 * Cash Gift of $6,000
   
   
 * Dollar-for-dollar Government Matching Contribution of up to $12,000
   
   

When parents save in the Child Development Account, the Government will match dollar-for-dollar in the Account up to the maximum Government matching contribution within 2 weeks (excluding public holidays). Savings above the maximum Government matching contribution will not be matched."
What are the Baby Bonus Benefits for my child? - 26 Aug 2012 to 31 Dec 2014 (Fifth and beyond),"Your child will have up to $18,000 of Baby Bonus Benefits comprising:  * Dollar-for-dollar Government Matching Contribution of up to $18,000
   
   

When parents save in the Child Development Account, the Government will match dollar-for-dollar in the Account up to the maximum Government matching contribution within 2 weeks (excluding public holidays). Savings above the maximum Government matching contribution will not be matched."
What are the Baby Bonus Benefits for my child? - 26 Aug 2012 to 31 Dec 2014 (First and Second),"Your child will have up to $12,000 of Baby Bonus Benefits comprising:

 * Cash Gift of $6,000
   
   
 * Dollar-for-dollar Government Matching Contribution of up to $6,000
   
   

When parents save in the Child Development Account, the Government will match dollar-for-dollar in the Account up to the maximum Government matching contribution within 2 weeks (excluding public holidays). Savings above the maximum Government matching contribution will not be matched."
What are the Baby Bonus Benefits for my child? - 26 Aug 2012 to 31 Dec 2014 (Third and Fourth),"Your child will have up to $20,000 of Baby Bonus Benefits comprising:

 * Cash Gift of $8,000
   
   
 * Dollar-for-dollar Government Matching Contribution of up to $12,000
   
   

When parents save in the Child Development Account, the Government will match dollar-for-dollar in the Account up to the maximum Government matching contribution within 2 weeks (excluding public holidays). Savings above the maximum Government matching contribution will not be matched."
What are the Baby Bonus Benefits for my child? - after 24 Mar 2016 (Fifth and beyond),"Your child will have up to $28,000 of Baby Bonus Benefits comprising: 

 * Cash Gift of $10,000
   
   
 * Government Contribution of up to $18,000 
   
   

The Government Contribution consisted of $3,000 CDA First Step and $15,000 dollar-for-dollar Government matching in the child’s Child Development Account (CDA).

When you save in the CDA, the Government will match dollar-for-dollar in the Account up to the maximum Government matching contribution within 2 weeks (excluding public holidays). Savings above the maximum Government matching contribution will not be matched."
What are the Baby Bonus Benefits for my child? - after 24 Mar 2016 (First and Second),"Your child will have up to $14,000 of Baby Bonus Benefits comprising: * Cash Gift of $8,000
 * Government Contribution of up to $6,000

The Government Contribution consists of $3,000 CDA First Step and $3,000 dollar-for-dollar Government matching in the child's Child Development Account (CDA).

When you save in the CDA, the Government will match dollar-for-dollar in the Account up to maximum Government matching contribution within 2 weeks (excluding public holidays). Savings above the maximum Government matching contribution will not be matched."
What are the Baby Bonus Benefits for my child? - after 24 Mar 2016 (Third and Fourth),"Your child will have up to $22,000 of Baby Bonus Benefits comprising: 

 * Cash Gift: $10,000
   
   
 * Government Matching Contribution of up to $12,000. 
   
   

 The Government Contribution consists of $3,000 CDA First Step and $9,000 dollar-for-dollar Government matching in the child’s Child Development Account (CDA).

When you save in the CDA, the Government will match dollar-for-dollar in the Account up to the maximum Government matching contribution within 2 weeks (excluding public holidays). Savings above the maximum Government matching contribution will not be matched."
What is Medisave Grant for Newborns?,"The Medisave Grant for Newborns is a grant to help parents defray their child’s healthcare expenses such as MediShield Life premiums, recommended childhood vaccinations, hospitalisations, and approved outpatient treatments. It is administered by the Central Provident Fund Board (CPF).

To find out more, please visit theMade For Families website."
What other benefits can unwed parents qualify for?,"Apart from the Child Development Account (CDA) benefits available to children of unwed parents born from 1 September 2016 onwards, unwed mothers of Singaporean children born from 1 January 2017 onwards are eligible for Government-paid maternity leave.

Government benefits that support the growth and development of children are given to all children regardless of the marital status of their parents. Children of unwed parents have access to social assistance, education and healthcare subsidies like other children.

All mothers, regardless of their marital status, are also eligible for infant care and child care subsidies, Medisave Grant for newborns and foreign domestic worker levy concession. If you wish to find out more, please visit theMade For Families website."
When will I receive the cash gift and CDA contributions?,"If your child is eligible, you will receive the cash gift within 7 to 10 working days after the child’s birth registration or after the child joins the scheme (whichever is later). You will also receive a notification from the bank that the Child Development Account (CDA) has been opened within the same time frame. The Government matching will be deposited into your child’s CDA within 2 weeks (excluding public holidays) after you have saved into the CDA. 

If your child is eligible for CDA First Step, you will receive the payment in your child's CDA within 2 weeks (excluding public holidays) after the CDA is opened. You do not need to put in any deposit before receiving CDA First Step. 

You can check the amount of Baby Bonus Benefits you will receive by going to ‘View/Update My Baby Bonus Details’ on Baby Bonus Online, and select ‘View Statement'"
Will Baby Bonus benefits be recovered when the child’s parents divorce?,"If a child is a Singapore citizen at birth and meets the eligibility criteria during application, he or she will continue to enjoy the Baby Bonus benefits even if his or her parents subsequently get a divorce. We will not recover benefits that are already paid out unless fraud or payment error is suspected. 
However, if the child’s existing Child Development Account trustee, or CDA trustee, no longer has the custody, care and control over him or her, the CDA trustee will need to be changed.You can check out ""When do i need to change the Child Development Account (CDA) trustee?"" for more information."
Will I still receive full Baby Bonus benefits if I abandon or give my child up for adoption?,Children who are abandoned or given up for adoption may receive the Baby Bonus Benefits if they meet the eligibility criteria.
Can I open a CDA for my child who is 12 and above?,You cannot open a Child Development Account (CDA) for children who are 12 and above.
How do I submit my Baby Bonus supporting documents?,"To submit your Baby Bonus supporting documents, please email us at msf_babybonus@msf.gov.sg."
How do I update my child’s new name?,"To update your child’s new name for Baby Bonus, please email a copy of the deed poll or your child’s Certificate of Extract from the Registry of Births to msf_babybonus@msf.gov.sg.

Separately, the Child Development Account Trustee also has to update the CDA bank by bringing the original deed poll or Certificate of Extract from the Registry of Births to any bank branch."
I have lost my child’s Baby Bonus card. How do I apply for a replacement Baby Bonus card?,"If you have lost your Child Development Account card or CDA card, you may approach the CDA bank for a replacement card. The CDA card is pre-activated by the respective Managing Agents, which are POSB/DBS, UOB or OCBC. For enquiries on the replacement of a Baby Bonus card, please contact:

DBS Bank at 1800 339 6666
or visit their website at www.dbs.com.sg

OCBC Bank at 1800 438 6088
or visit their website at www.ocbc.com/babybonus

UOB at 1800 222 2121
or visit their website at www.uob.com.sg"
My child was born overseas in 2015 and she just attained Singapore Citizenship. Can I still receive the SG50 Jubilee gift?,"We are sorry to inform you that the registration for the SG50 Jubilee Baby Gift has closed.

However, if you have questions on the baby gift under the Embracing Parenthood Movement launched by The People’s Association (PA), you may email your enquiries to pa_familylife@pa.gov.sg."
What is Baby Bonus hotline number?,You may call the Baby Bonus hotline at 1800 253 7707 or (+65) 6253 7707 if you are overseas.
What is Baby Bonus Online (BBO)?,"Baby Bonus Online allows you to: 
 1. Check online if your child qualifies for the Baby Bonus Benefits
 2. Join online anytime, anywhere
 3. View online the disbursements of your child's Baby Bonus Benefits
 4. Update online your account information
    
    

[https://va.ecitizen.gov.sg/CSS/uploads/BB1.jpg] 

 

For a quick guide on Baby Bonus Online, you can check out this videounder #BiteSizedBabyBonus in Baby Bonus Parenting Resources Facebook Page."
What is Baby Bonus scheme?,"The Baby Bonus Scheme is part of the Marriage and Parenthood Package to help parents lighten the financial cost of raising children. The Baby Bonus Scheme includes a cash gift and/or contributions to the Child Development Account or CDA. 

The cash gift will be paid to the nominated bank account holder’s bank account while the CDA Government contributions will be credited to the child’s CDA. The CDA Government contributions consist of dollar-for-dollar Government matching and/or CDA First Step. You can check your child’s eligibility and Baby Bonus Benefits using the “Check Eligibility” on Baby Bonus Online."
What is the Child Development Co-Savings Scheme?,"The Child Development Co-Savings Scheme refers to the Baby Bonus Scheme, which is part of the Marriage and Parenthood Package. The Baby Bonus Scheme includes a cash gift and/or Government contributions to the Child Development Account (CDA). 

You can check your child’s eligibility and Baby Bonus Benefits using ""Check Eligibility” on Baby Bonus Online."
When was Baby Bonus Scheme implemented?,The Baby Bonus Scheme was implemented in April 2001.
How are twins and triplets counted in birth order?,"For birth order, twins, triplets and other multiple births are counted as separate births. For example, the first twin is considered as the first child and the second twin as the second child."
How is the birth order determined? Are non-Singaporean children/step children and children given up for adoption counted in the birth order?,"The birth order is tied to the number of children born to or adopted by the mother. If there is an adopted child in the family, the birth order is determined by the date of adoption, and not the age of the adopted child.

If the adopted child is not a Singapore Citizen, his or her birth order is determined by the date of adoption, or the date the child becomes a Singapore Citizen, whichever is later.

Step children, children who are not Singapore citizens, or children given up for adoption are not counted in the birth order."
I have another child from my second marriage. Why is the child from my second marriage considered as the first child?,"The birth order is tied to the number of children born to or adopted by the mother. If your second child is the first child born to the child's mother, he or she will be considered the first child."
There is a change in my children's birth order. Do I need to inform MSF?,"To update the change in your children’s birth order, you can use the 'Change Birth Order' service on Baby Bonus Online. You will be required to upload the following documents: 

 * Birth certificates of your children;
 * Citizenship certificates of your children; and
 * Adoption Order and Schedule of your children, if any."
What happens to the counting of birth order when a child passes away?,The deceased child is counted in the birth order when there are subsequent children born to the couple.
What happens to the counting of birth order when there is a stillbirth?,"Stillbirths will be counted in the birth order if the child was born on, or after 13 July 2015."
I am married but not to my child’s father. Would my child be eligible for Baby Bonus?,"



A child may be eligible for the Baby Bonus Scheme if:● he or she is a Singapore Citizen and● his or her parents are lawfully married.Children of unwed parents may be eligible for CDA benefits only if they are born on or after 1 September 2016. 
You can check your child’s eligibility and Baby Bonus Benefits using the “Check Eligibility” on Baby Bonus Online. You will be asked a few questions to determine the child’s eligibility."
"If I am married to the child's father after the birth of my child, will my child be eligible for the Baby Bonus scheme?","Your child may be eligible for Baby Bonus Scheme if he or she is a Singapore citizen and below 12 years of age. You need to include the father’s name in the child's birth certificate, if it was not included. Please check with the Immigration and Checkpoints Authority (ICA) on the procedures to do so. 

You can email a copy of your child’s birth certificate and your marriage certificate to us at msf_babybonus@msf.gov.sg once available. Your child’s birth certificate must bear both the father’s and the mother’s details. 

On receiving your documents, we will inform you the next course of actions within 5 to 10 working days."
"If my child has passed away, what will happen to the Baby Bonus benefits?","If a child has passed away, any outstanding cash gifts will be paid in one lump sum to the Nominated Bank Account Holder. 

If the child has a Child Development Account (CDA), we will match parents' savings into the CDA until the date of the child's demise and instruct the bank to close the CDA within two months. The money in the CDA will be transferred to the Public Trustee for distribution according to the Interstate Succession Act or Syariah Law."
If my spouse and I are Singapore Permanent residents and my child is born in Singapore. Does my child qualify for Baby Bonus?,"



A child may be eligible for the Baby Bonus Scheme if:● he or she is a Singapore Citizen and● his or her parents are lawfully married.Children of unwed parents may be eligible for CDA benefits only if they are born on or after 1 September 2016. 
You can check your child’s eligibility and Baby Bonus Benefits using the “Check Eligibility” on Baby Bonus Online. You will be asked a few questions to determine the child’s eligibility."
Is my adopted child eligible for the Baby Bonus Scheme?,"Your adopted child may be eligible for the Baby Bonus Scheme if your child: 

 * was born from 2006 onwards1 
 * is a Singapore Citizen
 * his or her adoptive parents are lawfully married at the time of the child's adoption (i.e. when the Adoption Order is obtained)2 

Please note that: 

1 A child born between 1 January 2006 to 16 August 2008, who is

 * the first child, is not eligible for Government matching in the Child Development Account (CDA), or 
 * the fifth child (and above), is not eligible for cash gift and Government matching in the Child Development Accounts (CDA). 

2 Children who are adopted by widows, widowers or divorcees are eligible. 

If your adopted child (i) was born before 13 July 2015; and (ii) obtained Singapore citizenshipafterthe time of adoption, your child may be eligible for pro-rated benefits. If you have further queries, please write in toMSF_babybonus@msf.gov.sg."
Is my child eligible for the Baby Bonus Scheme?,"



A child may be eligible for the Baby Bonus Scheme if:● he or she is a Singapore Citizen and● his or her parents are lawfully married.Children of unwed parents may be eligible for CDA benefits only if they are born on or after 1 September 2016. 
You can check your child’s eligibility and Baby Bonus Benefits using the “Check Eligibility” on Baby Bonus Online. You will be asked a few questions to determine the child’s eligibility."
"My spouse and I are Singaporeans. My baby was born overseas, would he be eligible for Baby Bonus?","For a child who is born overseas to be eligible for Baby Bonus, he or she must obtain Singapore Citizenship first, before joining the Baby Bonus Scheme. 

To check your child’s eligibility for Baby Bonus and the benefits, you can use “Check Eligibility” on Baby Bonus Online. 

There are 3 sections in the application form: A, B and C. When you apply, please complete only Section C “Citizenship” and provide the following documents online:
● Birth certificates of all children;
● Citizenship certificates of all children, if applicable;
● Marriage certificate; and
● NRICs, both front and back, or passports of both parents.
It will take between 5 and 7 working days to process your application. However, it may take longer if we need additional documents to support your application. Our officers will contact you for the supporting documents, if required. 

You can check your application status by using “View/Update My Baby Bonus Details” on Baby Bonus Online. You can also find out how much Baby Bonus your child can receive using “View Statement” at Family View."
"What will be the Baby Bonus entitlement for my child, who has just obtained Singapore Citizenship?","If either parent is a Singapore Citizen at the time of the child’s birth, the child will be eligible for full Baby Bonus Benefits. The child must obtain his or her Singapore citizenship and join the scheme before 12 years old. 

If both parents are not Singapore citizens at the time of the child’s birth, the child will be eligible for pro-rated Baby Bonus Benefits. The child must obtain citizenship before 24 months of age in order to be eligible for the cash gift, and before 12 years old in order to be eligible for the Child Development Account. The amount of pro-ration will depend on the date that the child becomes a Singapore citizen. 

To check if your child is eligible for Baby Bonus, you can use the “Check Eligibility” on Baby Bonus Online."
Who will be eligible for Government matching contribution?,"A child’s eligibility for Government matching contribution depends on the child’s date of birth and birth order. 

To check if your child is eligible for Baby Bonus and his or her benefits, you can use “Check Eligibility” on Baby Bonus Online. 

If your child is already enrolled for the scheme, you can select 'View Account Summary' under Services to check his/her CDA Government contributions cap.


For a quick guide on the opening of a CDA and your child’s benefits, you can check out this video under #BiteSizedBabyBonus in Baby Bonus Parenting Resources Facebook Page."
Why are single parents not eligible for the enhanced Baby Bonus scheme?,"Children of unwed parents can enjoy Child Development Account (CDA) benefits if they were born on, or after 1 September 2016. Parents of all Singaporean children, including single parents, are eligible for paid childcare and extended childcare leave, unpaid infant care leave, Medisave grant for newborns, enhanced subsidies for centre-based infant and childcare, and foreign domestic worker concessionary levy.

If you wish to find out more details, please visit theMade For Families website."
Can I click the browser's back button to go back to the previous page when accessing Baby Bonus Online (BBO)?,"While accessing Baby Bonus Online (BBO), please do not use your browser's back button in the midst of your transaction. You may encounter an error if you do so.

If you need assistance, please call us at 1800 253 7707 or (65) 6253 7707 if you are calling from overseas. Our operating hours are from Mondays to Fridays, 8.30am to 6.00pm, and Saturdays from 8.30am to 1.00pm."
How do I check the version of my browser?,"Please follow these steps to check the version of your Internet Browser:

STEP 1: Click ""Help"" on the menu bar.
STEP 2: For Internet Explorer, click ""About Internet Explorer"". For Google Chrome, click ""About Google Chrome""."
How do I print a page within Baby Bonus Online (BBO)?,"To print a page on the Baby Bonus Online, please follow these steps according to your browser version.

For Internet Explorer version 10.0 and above:

STEP 1: Right-click anywhere on the clean background of the browser.
STEP 2: Click ""Print""
STEP 3: Fix the print settings for your desired print options.
STEP 4: Click the ""Apply"" button, if you've made changes at first.
STEP 5: Click the “Print “button if you haven’t made changes.

For Google Chrome version 22.0 and above: 

STEP 1: Right-click anywhere on the clean background of the browser
STEP 2: Click ""Print""
STEP 3: Fix the print settings for your desired print options
STEP 4: Click the “Print “button."
I am experiencing slow response when accessing the Baby Bonus Online (BBO) application. What is wrong?,"The slow response that you may encounter while accessing Baby Bonus Online (BBO) could be due to the browser, operating system and hardware you are using or your Internet Service Provider, or Local Area Network."
I am residing overseas. I cannot enter my overseas contact number in the application form. Please help.,"A local contact number is required for the purpose of opening a CDA, as CDA funds can only be used locally. We understand that you do not have a Singapore mobile number. As an alternative, you may wish to consider providing a mobile number of a trusted relative residing in Singapore instead so that you can proceed with the application. Notwithstanding this arrangement, please update your mobile phone records with us, via Baby Bonus Online and also the CDA bank separately, when you are back in Singapore."
I encountered an error when I tried to log in to Baby Bonus Online. What should I do?,"Baby Bonus Online (BBO) will not be available every Thursday from 6pm to 8pm due to scheduled maintenance.

If you still run into errors while accessing or using BBO, please email us at msf_babybonus@msf.gov.sg with the following details:

 * Date and time when you encountered problems; 
 * The operating system you are using 
 * The browser type and version number 
 * The name of the Internet Service Provider (ISP) (e.g. Starhub, Singtel, etc.) 
 * The portal you are trying to access, i.e. the Approved Institution Portal or Parent portal
 * The service in the portal that you are accessing
 * The current URL of the browser, i.e. https://www.babybonus.msf.gov.sg/parent/ or https://www.babybonus.msf.gov.sg/AI/
 * Screenshot of the messages or errors you encountered (if available) 

Alternatively, you may call us at 1800 253 7707 (Calling from Singapore) or (65) 6253 7707 (Calling from overseas) for assistance. Our operating hours are Monday to Friday, 8.30am to 6.00pm."
I have submitted request to open CDA. Why is my status still at “In-progress”?,"If you have submitted a request to open a Child Development Account (CDA) and the status is reflected as ‘In-Progress’, please select whether the CDA trustee is:"
My application status is “Action Required by Applicant”. What should I do?,"If you have submitted an application and the status is “Action Required By Applicant”, please check if the parent details you have keyed in to your application form are the same as those printed on your child’s birth certificate. Changes can be made by using “Update Application/Check Status” on Baby Bonus Online. 

If you are unable to edit your application form, please email us at msf_babybonus@msf.gov.sg with screenshots of the online form."
My spouse is a foreigner. How should I complete his/her details in the application form?,"If your spouse is a foreigner, when filling in the Baby Bonus application form, you should 


 * Leave the “NRIC/FIN” field blank
 * Select “Passport Number” or “Foreign ID” for “Identification Type”, and
 * Enter his or her latest passport number at “Passport Number/Foreign ID” field."
What I need to do if I hit a page error or I am unable to login for Baby Bonus Online (BBO)?,"If you encounter page error while accessing the Baby Bonus website or are unable to log in, please clear your browser's cache and close all other applications that are running on your computer to free up memory space.

For instructions on how to clear ‘cache’ or temporary internet files, please follow these steps according to your browser version.

For Internet Explorer version 10.0 and above:

STEP 1: Go to ""Tools"" menu
STEP 2: Click on ""Internet Options""
STEP 3: Go to ""General Tab""
STEP 4: Click ""Delete"" button under Browsing History section
STEP 5: Check all boxes next to the available options and click ""Delete"" button
STEP 6: Click 'OK' to exit the Internet Options dialog.

For Google Chrome version 22.0 and above: 

STEP 1: Click ""Settings"" in the menu bar
STEP 2: Click ""Show Advanced Settings""
STEP 3: Click “Clear Browsing Data""
STEP 4: Tick all checkboxes
STEP 5: Click “Clear Browsing Data""."
What is the minimum hardware requirement for Baby Bonus Online (BBO)?,"To run the Baby Bonus Online, your hardware will need at least



 * 1 Gigahertz (GHz) or faster processor,
 * 1 Gigabyte (GB) 32-bit and 2 Gigabyte 64-bit RAM, and
 * broadband connection to a local Internet Service Provider."
What is the minimum software requirement for Baby Bonus Online (BBO)?,"You will need the following software to access Baby Bonus Online: 

 * Operating System Windows 7 or better
 * Browser Internet Explorer 10.0 and above or Google Chrome 22.0 and above"
"Why am I encountering the error message, ""You have already logged in. Simultaneous sessions are not allowed""?","If you encounter the error message: “You have already logged in. Simultaneous sessions are not allowed"", while accessing the Baby Bonus Online, it could be because you have used the back, forward, and refresh buttons or are accessing the website on several windows. You can also encounter this error if the previous session was not properly terminated, for example, your Internet connection was cut off abruptly or you have closed the browser without clicking on the ""Logout"" button. 

If you are still unable to resolve the issue, please call us for assistance at 1800 253 7707 or (65) 6253 7707 if you are calling from overseas. Our operating hours are from Mondays to Fridays, 8.30am to 6.00pm, and Saturdays from 8.30pm to 1pm."
Why is my access to baby bonus online denied after Singpass login is successful?,"Please note that only the child’s parents, Bank Account Holder and Child Development Account trustee will have access to Baby Bonus Online (BBO). If you are an authorised party but were denied access to BBO, please email MSF_Babybonus@msf.gov.sg with the following details, so we can assist with your request:
 1. Your log-in ID
 2. The name of child and his/her birth certificate number
 3. The e-services you would like to access on BBO"
How do I enter my OCBC bank account number to receive the Cash Gift?,"For OCBC bank account holders, please enter your account number from the fourth digit onwards. The first 3 digits of your account number are the bank’s branch code."
What can I use the Baby Bonus cash gift for?,You can use the Baby Bonus cash gift to pay for expenses for your new-born child.
When will I receive the Baby Bonus cash gifts?,"If your child is born on or after 1 January 2015, you will receive the cash gifts in your selected bank account, in 5 payments within 18 months from the birth of the child.
Payment Schedule for childrenborn on or after 1 Jan 2015

Birth Order 1st & 2nd

Birth Order3rd onwards

Within 10 working days of birth¹

$3,000

$4,000

6 months old 

$1,500

$2,000

12 months old

$1,500

$2,000





15 months old 

$1000

$1000

18 Months old

$1000

$1000

Total Payment

$8,000

$10,000

¹ from birth registration or joining Baby Bonus (whichever is later)

To check the scheduled payment date and cash gift payment date, you can select 'View Account Summary' under Services on Baby Bonus Online. For children who were born before 1 January 2015 and have enrolled for the scheme, you can also check their payment details using 'View Account Summary' under Services."
When will I receive the next cash gift?,"For Baby Bonus Cash gift payments, you will receive an SMS or Email notification on the expected date of payment around 3 to 5 working days before the scheduled payment date. 

You may check the cash gift payment schedule by using “Services” on Baby Bonus Online, followed by “View Account Summary”."
Will cash gift be credited to the CDA directly?,"The cash gift is credited to a bank account nominated by the child’s parents.Parents can choose to deposit the Baby Bonus cash gift into a savings account, or the Child Development Account, or CDA. If you choose to receive the cash gift in your child’s CDA, you will not be able to withdraw the money in cash."
Will I be taxed for the Baby Bonus cash gift received?,"You will not be taxed for the Baby Bonus cash gift, as Baby Bonus benefits are non-taxable."
I have not saved in the Child Development Account (CDA) yet. What is the $600 which was credited to the CDA?,"It was announced in Budget 2015 that all Singaporean children born between 1 January 2009 and 31 December 2015 will receive a top-up of $300 or $600 in their Child Development Account or CDA if the CDA was opened by 30 June 2016. 

There is no Government matching to this amount."
When will I receive the Child Development Account (CDA) First Step?,"If your child is entitled to the Child Development Account (CDA) First Step and the CDA is opened, you will receive $3,000 in your child's CDA within 2 weeks (excluding public holidays). 

You can check if you have received the CDA First Step by going to Baby Bonus Online and select ‘View/Update My Baby Bonus Details’, followed by 'View Statement'."
Will my child be eligible for the Child Development Account (CDA) First Step announced during Budget Day?,"To be eligible for Child Development Account (CDA) First Step, your child must be: 
● born on or after 24 March 2016, and
● a Singapore citizen or become a citizen before 12 years old.
To check if your child is eligible for CDA First Step, you can use the “Check Eligibility” on Baby Bonus Online. 

For a quick guide on the opening of a CDA and your child’s benefits, you can check out this video under #BiteSizedBabyBonus in Baby Bonus Parenting Resources Facebook Page."
Can the Child Development Account (CDA) be used for other siblings of the child?,Parents can use the funds in the Child Development Account (CDA) for the other siblings of the child.
"Can the Child Development Account (CDA) be used for any persons, other than the child and/or the siblings?","The Child Development Account, or CDA, is meant to be used by the child and his or her siblings only."
How do Approved institutions collect fees from the Child Development Account (CDA)?,Approved Institutions can use direct debit (GIRO) or Baby Bonus NETS Service to deduct money from the Child Development Account (CDA).
How does the Baby Bonus NETS card look like?,"The CDA banks, which are DBS/POSB, OCBC, and UOB, will issue a Baby Bonus NETS card to parents. To see the Baby Bonus Card designs, please visit Baby Bonus Online and select ‘Useful Links’ located on the bottom of the webpage.

The front of the card is printed with:
● 'Baby Bonus';
● The child's name and birth certificate number; and
● The bank's logo.
The back of the card is printed with:
● The Ministry of Social and Family Development's (MSF's) logo
● 'Accepted at MSF Approved Institutions only' or 'This card is accepted at MSF Approved Institutions only'.
'NETS' logo may appear on the front or the back of the card."
Is there an age limit for the child's siblings to use the Child Development Account (CDA)?,There is no age limit for the child's siblings to use the Child Development Account (CDA) funds.
What is the GIRO process of collecting fees from a Child Development Account (CDA)?,"Approved Institution (AI) can use GIRO to collect fees from the Child Development Account (CDA) by following these steps: 



 1. CDA Trustee1 must authorise the AI to deduct fees from the child’s Child Development Account (CDA) by filling up Part 1 of GIRO application form of the respective CDA bank.
 2. AI completes the relevant part of the CDA Bank's GIRO application form.
 3. AI sends the completed GIRO application form to the CDA Bank.
 4. CDA Bank processes the GIRO form and returns rejected forms2 (if any) to the AI.
 5. AI sends collection instructions to the AI’s corporate bank once GIRO forms are accepted by the CDA bank.
 6. AI’s corporate bank informs the AI whether the GIRO deductions are successful or rejected.



For more information on GIRO processes, please contact your respective banks’ contact centres.

Note:



 * The CDA trustee is either the parent or a person nominated by the child's parents as declared to MSF.
 * AI must re-submit the GIRO forms with correct details if rejected by CDA bank.
 * AI should update parents with the status of the GIRO application



AI should inform parent when the CDA deductions will be made."
Can the Baby Bonus Cash gift be disbursed earlier?,"MSF will disburse the Baby Bonus cash gift according to the cash gift payment schedule for your child. 

You can log on to Baby Bonus Online to check your child’s cash gift payment schedule details by selecting the “Update Application/Check Status” followed by “View Statement” at “Family View”."
Why is my child’s cash gift and/ or matching contribution pro-rated instead of the full amount?,"The Baby Bonus cash gift or CDA contributions may be pro-rated if the child was not a Singapore citizen at birth or adoption, and both parents were not Singapore citizens at the time of the child’s birth or adoption."
What is the difference between the old CDA scheme and the CDA First Step for children born from 24 Mar 2016?,"Children born on or after 24 March 2016 will receive the CDA First Step of $3,000 in the Child Development Account (CDA), without the need for parents to save first. Parents can continue to save in the child’s CDA to receive dollar-for-dollar Government matching contribution of up to $3,000, $9,000 or $15,000 depending on the child’s birth order.

Children born before 24 March 2016 will receive Government matching contribution of up to $6,000, $12,000 or $18,000 depending on the child’s birth order."
What is the address for Baby Bonus office?,"Baby Bonus Office
Family@Enabling Village
20 Lengkok Bahru, #04-02
Singapore 159053

Office Hours:
8.30am to 5.30pm, Monday to Thursday
8.30am to 5 pm, Friday

Bus Services:


 * 139 (from Toa Payoh Interchange; alight at Lengkok Bahru Bus Stop B10431 or B10439)
 * 63 (from Eunos Interchange; alight at Redhill Road Blk 72 Bus Stop B10459)
 * 32; 33; 64; 120; 132; 145 (Bus stop at Redhill MRT Station)


Nearest MRT Station:
 * Redhill MRT Station"
Who has the right to receive the baby bonus?,"Parents have to agree whose bank account will receive the Baby Bonus cash gift, and who will manage the Child Development Account (CDA).

The CDA trustee is often the person with care and control of the child. If there is a court order indicating which parent has the care and control of the child, please send a copy of the court order tomsf_babybonus@msf.gov.sgso that we can update our records."
Why is my adopted child’s cash gift and/or matching contribution pro-rated instead of the full amount?,"The Baby Bonus cash gift or CDA contributions may be pro-rated if the child was not a Singapore citizen at birth or adoption, and both parents were not Singapore citizens at the time of the child’s birth or adoption."
Can I cancel my child’s Baby Bonus application?,Baby Bonus applications cannot be cancelled after they are submitted online.
Can I continue with the pre-birth registration for Baby Bonus Scheme if I do not know the Estimated Date of Delivery (EDD)?,"If you do not know the Estimated Date of Delivery, or EDD of your child, and wish to register for Baby Bonus first, you may proceed to key in a date when doing the pre-birth registration on Baby Bonus Online. 

However, please note that the birth registration of your child has to be done within 8 weeks from the EDD you have indicated. The system will only retain your child's pre-birth registration details for 8 weeks from the EDD you have indicated. A fresh application has to be submitted after 8 weeks.Once you have registered your child's birth, your child will join the scheme automatically."
Can I do a pre-birth registration for the Baby Bonus Scheme before my child is born?,"You may do a pre-birth registration for the Baby Bonus Scheme on Baby Bonus Online as early as 8 weeks and up to 2 weeks before your child’s estimated delivery date if:



 * Your marriage was registered in Singapore,
 * There was no change in either parents' identification numbers on the marriage certificates, and
 * The child will be born in Singapore.



If these criteria are met, we will deposit the cash gift within 7 to 10 working days and open a Child Development Account (CDA) for the child after your child is enrolled in the scheme.

For a quick guide on online application of the Baby Bonus Scheme, you can check out this video under #BiteSizedBabyBonus in Baby Bonus Parenting Resources Facebook Page."
Can I do a pre-birth registration for the Baby Bonus Scheme if my child is adopted?,"You will not be able to do a pre-birth registration for Baby Bonus for your adopted child. You must complete the adoption process and obtain Singapore Citizenship for the child, if necessary, before joining the scheme. 

Please complete Section D for adoption in the online application form and provide the following documents when you are submitting your application:

 * Child's Adoption Order and The Schedule
 * Birth certificates of all children
 * Citizenship Certificates of all children, if applicable
 * Marriage Certificate
 * Copies of both parents’ NRICs – front and back – or foreign passport if applicable

 

For a quick guide on online application of the Baby Bonus Scheme, you can check out this video under #BiteSizedBabyBonus in Baby Bonus Parenting Resources Facebook Page."
Can I enter my own bank account to receive the cash gift and CDA matching?,"The Baby Bonus scheme consists of 2 components: the Cash Gift and the Child Development Account or CDA. 

Both parents will have to agree on who will:
● receive the Cash Gift as a Bank Account Holder, and/or
● manage the Child Development Account as a CDA trustee.The person can either be the parent of the child or a third party.The Cash Gift bank account holder and CDA trustee can be the same person or different persons. The CDA trustee has to be above the age of 18 and not a bankrupt. 

The Cash Gift will be credited to the Bank Account Holder’s selected bank account. The bank account can be a personal or a joint bank account with the child. The CDA is a separate special savings account for children to help build up the savings that can be spent on approved uses. It is not a regular savings account. When a CDA is opened, the child will receive CDA benefits, comprising the CDA First Step and dollar-for-dollar Government matching contributions. The CDA First Step will be credited into the CDA within 2 weeks (excluding public holidays) from the opening of the account. Parents can save in the CDA and receive dollar-for-dollar matching from the Government up to a maximum cap based on the child’s birth order. Parents' savings will be matched by the Government within 2 weeks (excluding public holidays). 

For a quick guide on online application of the Baby Bonus Scheme, you can check out this video under #BiteSizedBabyBonus in Baby Bonus Parenting Resources Facebook Page."
Can my child still join the Baby Bonus Scheme by submitting a hardcopy form?,You can only join the Baby Bonus scheme through Baby Bonus Online. We have stopped accepting hardcopy forms since 13 July 2015.
How can I check the CDA notification which was sent to me via the bank website?,"Child Development Account or CDA notifications are sent via the bank’s website. To check these notifications, you may wish to contact your CDA bank directly."
I have applied for the Baby Bonus Scheme. How can I open a Child Development Account (CDA) for my child?,"If you, the applicant, are the CDA Trustee, your child's CDA will be automatically opened within 3 days once he or she joins the scheme.



For a quick guide on the opening of a CDA and your child’s benefits, you can check out this video under #BiteSizedBabyBonus in Baby Bonus Parenting Resources Facebook Page."
I have submitted a pre-birth registration. How can I provide my newborn’s details?,"For Baby Bonus pre-birth registrations, the Immigrations and Checkpoints Authority of Singapore (ICA) will update MSF with your child’s details within 3 working days after you have registered the birth of your child. Therefore, you need not provide any information to MSF."
I have submitted a Pre-birth registration. Why the status is still at submitted?,"This may be because we have not received your child’s birth details. 

Pre-Birth registration allows parents to apply for the Baby Bonus Scheme between 2 to 8 weeks before the Estimated Delivery date (EDD). 

After you have registered the birth of your child, the Immigration and Checkpoints Authority of Singapore (ICA) will update us with your child's birth details. If your child is eligible, he or she will be enrolled in the scheme within 3 to 5 working days. 

If your child is born and you have registered your child’s birth with ICA, but your application status remains unchanged, you can write to us at msf_babybonus@msf.gov.sg for assistance."
I have submitted an application for Baby Bonus Scheme. How can I open the CDA for my child?,"If you are the applicant and the nominated CDA trustee, the child’s CDA will be automatically opened within 3 working days after he or she joins the scheme.

If you are the applicant and have nominated your spouse as the CDA trustee, your spouse needs to login to Baby Bonus Online with his or her SingPass to accept the CDA Terms and Conditions. The CDA will then be automatically opened 3 working days later.

If your child's CDA trustee is a foreigner or a third party, we will send a letter of authorisation to the trustee to open a CDA at the bank. The CDA Trustee must produce:

 * The original authorisation letter
 * his or her NRIC or passport
 * a copy of the child's Birth Certificate or Certificate of Singapore Citizenship (which ever is applicable)."
I just found out that my child has joined the scheme without my agreement. Can you change the bank account holder or Child Development Account (CDA) trustee to me?,"To change the bank account holder or Child Development Account (CDA) trustee, you may wish to discuss the matter with your spouse. Parents have to jointly agree on the cash gift bank account holder and CDA trustee, before submitting the Baby Bonus application online. These terms and conditions are stated in the Baby Bonus Online declaration clauses as well as the terms and conditions governing the cash gift. 

At present, only the existing bank account holder or CDA trustee can request for a change. MSF will not be able to accede to your request otherwise."
I need some help to join the Baby Bonus Scheme online. Who can I approach?,"If you need help to join the Baby Bonus Scheme, you may go to:

 * the Baby Bonus One-stop Centres at the Immigration & Checkpoints Authority of Singapore (ICA) and maternity hospitals* after your child's birth registration. 
 * Citizen Connect Centres (CCCs) at Community Centres#, or
 * MSF Baby Bonus & Leave Branch at 20 Lengkok Bahru, #04-02, Family@Enabling Village Singapore 159053

 *Note: Gleneagles Hospital, KK Women's and Children's Hospital, Mount Alvernia Hospital, Mount Elizabeth Hospital, Mount Elizabeth Novena Hospital, National University Hospital, Parkway East Hospital, Raffles Hospital, Singapore General Hospital, Thomson Medical Centre. 

#List of community centres with CCCs can be found here. 

 

For a quick guide on online application of the Baby Bonus Scheme, you can check out this video under #BiteSizedBabyBonus in Baby Bonus Parenting Resources Facebook Page."
"If I have made pre-birth registration and selected the Cash Gift bank account holder and Child Development Account (CDA) trustee, can these be changed?","Either parent can update the pre-birth registration details to change the bank account holder or trustee. You may wish to discuss the matter with your spouse, as both parents have to agree on the cash gift bank account holder and the CDA trustee, before making the change on Baby Bonus Online. The terms and conditions are spelt out in the Baby Bonus Online declaration clauses as well as the terms and conditions governing the cash gift."
Is it compulsory to do a pre-birth registration for the Baby Bonus Scheme?,"It is not compulsory to do a pre-birth registration. If you have done a pre-birth registration to join Baby Bonus Scheme, your child will automatically join the Scheme within 3 to 5 working days upon birth registration."
Is there a limit to the number of Child Development Accounts per family?,"

Every eligible child can hold one Child Development Account (CDA) each. 

To check if your child is eligible for Baby Bonus and his or her benefits, you can use “Check Eligibility” on Baby Bonus Online."
What documents do I need to join the Baby Bonus Scheme?,"If your child is a Singapore Citizen at birth, we will receive your child’s birth details 3 working days after birth registration.

Parents have to agree whose bank account will receive the Baby Bonus cash gift, and who will manage the Child Development Account before submitting the application.

To join Baby Bonus Scheme, you need to have a local bank account to receive the cash gift. When completing the online form, please provide the bank account holder’s personal particulars and bank account details."
What happens after I have submitted the online form for Baby Bonus Scheme?,"After submitting Baby Bonus Application online, you may view your child's eligibility to join the Baby Bonus Scheme. 

You can expect to receive the cash gift and open a Child Development Account within 7 to 10 working days after the child joins the scheme."
What is One-Stop Service Centre?,"Parents who need assistance to join Baby Bonus online or perform other related e-services may go to the Citizen Connect Centres, the Immigration & Checkpoints Authority and the following maternity hospitals: * Gleneagles Hospital
 * KK Women’s and Children’s Hospital
 * Mount Alvernia Hospital
 * Mount Elizabeth Hospital
 * Mount Elizabeth Novena Hospital
 * National University Hospital
 * Parkway East Hospital
 * Raffles Hospital
 * Singapore General Hospital
 * Thomson Medical Centre"
Where can I check my Baby Bonus application status?,"To check the status of your Baby Bonus application, please log in to Baby Bonus Online using your SingPass, and use the “Update Application/Check Status” on the home page."
Why is my Baby Bonus application unsuccessful?,"Your Baby Bonus application could be unsuccessful if: * any information you have keyed in is incorrect or does not match the records in our database, or
 * you completed the wrong section

To help us answer your question, please select one of the following:"
Can I be the CDA trustee if my spouse is not contactable?,"If you are presently the primary caregiver for your child but your spouse is currently the CDA trustee and/or bank account holder, and you are unable to contact him/her to request for a change, you may write in to us using this form. Simply enter “CDA Trustee / Cash Gift Bank account holder” in the Subject field and key in your details. We will advise you on the next steps once we receive your request."
Can I close my Child Development Account (CDA) and withdraw the money?,"You cannot close the CDA on your own. The Child Development Account (CDA) will be closed on 31 December of the year your child turns 12 years old. Thereafter, funds in the CDA will automatically be transferred to your child’s Post-Secondary Education Account (PSEA) under the Ministry of Education (MOE), subject to a cap. 

For more information on PSEA, please visit the MOE’s website."
Can I open a new Child Development Account (CDA) directly with any of the Child Development Account (CDA) banks?,"You cannot open a Child Development Account (CDA) directly with the bank. If your child has not joined the Baby Bonus Scheme, you can submit an application on Baby Bonus Online. You can also check your child’s eligibility for the Baby Bonus Benefits using “Check Eligibility”. 


If your child has already joined the Baby Bonus scheme, you can submit a request to open a CDA, using ‘View/Update My Baby Bonus Details’ on the Baby Bonus Online."
Can I transfer my child’s Child Development Account (CDA) balance to another child’s CDA?,"You cannot transfer your child's CDA balance to another child's CDA.
From now until the time when the CDA is closed, you can use the savings in the CDA to pay for approved educational and healthcare expenses of your child and his or her siblings at the Baby Bonus Approved Institutions."
Can I withdraw the Child Development Account (CDA) funds to pay for my child's insurance rider?,"To be in line with rules for use of Medisave for healthcare insurance, CDA can only be used to defray the premiums for Medisave-approved Integrated Shield Plans, and not for riders. Riders are not part of Integrated Shield Plans, and do not meet the Ministry of Health’s requirements to be Medisave-payable, which are to have a minimum deductible and minimum 10% co-insurance. These requirements are to help keep premiums affordable and to encourage prudent use of healthcare services."
Can you send the Child Development Account (CDA) authorisation letter to another address other than my official one?,"We will send the authorisation letter for the Child Development Account or CDA to your official address, which is maintained by the Ministry of Home Affairs. 

If there is a change in your address, please update your details at the Immigration and Checkpoints Authority, National Registration Office, or any neighbourhood Police Post or Police Centre within 28 days so that we can be updated."
Do I need to open a current account with the bank in order to open the CDA?,"You may just open a CDA with the selected CDA bank.

You can check with the bank directly for any other bank accounts for the child."
How can I withdraw the money which I have wrongly deposited in the CDA?,"If you wish to withdraw the money that you have wrongly deposited into the Child Development Account (CDA), please email your request to msf_babybonus@msf.gov.sg, stating the reason and your child’s details. Please enter ‘CDA withdrawals’ in the Subject field and key in your details. 
Do note that appeals are assessed on a case-by-case basis."
How do I activate the Child Development Account (CDA) card?,"The Child Development Account (CDA) card is pre-activated by the respective Managing Agents, which are POSB/DBS, UOB or OCBC. No action is required from you."
How do I tag my child’s Child Development Account (CDA) to my internet banking profile?,Please approach your respective Child Development Account (CDA) bank if you would like to apply for internet banking.
How long will it take before the excess CDA balance will be refunded to me?,"It will take up to 14 days from when we receive your correct bank details. 

If you have SingPass, you can log in to Baby Bonus Online to provide the bank details to receive the refund. Otherwise, you can use the online link as provided in the letter sent to your official address in our records."
How will I know which Child Development Account (CDA) bank suits me better?,"The Government matching contributions and the usage of the Child Development Account or CDA are the same across banks. When choosing your CDA bank, you should read through and be comfortable with the bank's terms and benefits. As their terms and benefits may change from time to time, please contact the banks to find out more."
I am unable to log in to Baby Bonus Online to submit my bank details. Will I be able to receive my CDA excess balance refund?,"If you do not have SingPass, you would have received a hardcopy application form to confirm your bank details. You will need to email the completed form to MSF_babybonus@msf.gov.sg. 

Upon successful processing of the form, the refund will be credited into your nominated account within 14 working days."
I have already selected my spouse as a Child Development Account (CDA) trustee when I join scheme. Why is the Child Development Account (CDA) not opened yet?,"The Child Development Account trustee, or CDA trustee, will receive an email from MSF to accept the terms and conditions of the selected CDA bank. He or she will need to complete this process before the CDA can be opened.If the CDA trustee is a foreigner or a third-party, he or she will receive an Authorisation Letter to bring to the bank and complete the process of opening a CDA."
I have changed my name/child's name. Do I need to inform the Ministry of Social and Family Development (MSF) and my Child Development Account (CDA) bank?,"If you, as the CDA trustee, have changed your name, or you have changed your child’s name, and wish to update us, please email a copy of the Deed Poll or Certificate of Extract from the Registry of Births toMSF_Babybonus@msf.gov.sg.You should also update the CDA bank separately by bringing the original Deed Poll or Certificate of Extract from the Registry of Births to the bank branch."
I have saved in excess of the CDA cap and the CDA trustee is a third party. Will the excess be credited to the third party trustee or parents’ bank account?,"If there is excess CDA balance to be returned, it will be credited to the bank account as nominated by the CDA trustee in the year the child turns 13 years old. In the interest of the child, you may wish to discuss with the third party CDA trustee on the bank account to receive the refund."
I have saved in excess of the CDA Government contributions cap. Will the excess also be transferred to PSEA?,"If there are unused funds in the Child Development Account (CDA) at the end of the year your turns 12 years old, the funds will be automatically transferred to your child’s Post-Secondary Education Account or PSEA, subject to the cap applicable to your child. The cap is based on the sum of the CDA Government contributions cap, the corresponding deposits made by parents or third parties, any Child Development Credit and any accrued interest. If there is any excess balance above this cap, MSF will notify the CDA trustee about the refund arrangement."
"I have the custody, care and control; or care and control of my child. How can I change the cash gift and/or Child Development Account (CDA) trustee to me?","Please email a copy of the Court order of the care and control of your child to us at msf_babybonus@msf.gov.sg. You will receive a form to complete. After processing the request form, we will notify you to accept the terms and conditions of the Child Development Account bank, or CDA bank, online via SMS/Email. 

Please note that if the trustee of the CDA is a foreigner or a third-party, he or she will receive a letter for change of CDA trustee to inform the CDA bank before the expiry date indicated in the letter."
"If I change the Child Development Account (CDA) bank, will I forfeit/ have to return the benefits given by the bank (e.g. bonus interest rate)?","We understand that there may be some conditions tied to the benefits given by the bank pertaining to the Child Development Account or CDA. As these promotions are offered by the respective CDA banks, you may wish to approach the bank directly."
Is it necessary to make a deposit to open a Child Development Account (CDA)?,"

You do not need to make any minimum deposit to open a Child Development Account or CDA. Also, you do not need to maintain a minimum balance at any point in time after you have opened the CDA. There will be no bank charges even if there is no money in the CDA. 

Notwithstanding when you deposit money into the CDA, you may receive Government dollar-for-dollar matching contributions on the amount saved, up to your child’s eligible CDA cap within 2 weeks (excluding public holidays)"
Must I open a CDA when I enrol my child?,"As part of the Baby Bonus application process, you will be asked to select a Child Development Account, or CDA bank. The CDA will be opened automatically within 3 working days upon the acceptance of the bank’s Terms and Conditions.





You will be able to submit a request online to change the CDA bank or CDA trustee even after the child is enrolled."
My husband/wife who is also the CDA Trustee has passed away. How can I change trustee to myself?,"You can submit request to change CDA Trustee by following these steps:-



 * login via “Services Login” (www.babybonus.msf.gov.sg/parent)
 * click ‘Request to Change CDA Trustee’
 * complete form and click ‘Submit’



If you do not see the “Request to Change CDA Trustee” option, or if you do not have access, please email MSF_Babybonus@msf.gov.sg with a copy of the death certificate and child’s details."
POSB has opened 2 account numbers. Which bank account should I deposit money into to receive the government matching?,"To check the Child Development Account (CDA) bank account number which the Government matching is deposited into, please log in to ‘View/Update My Baby Bonus Details’ on the Baby Bonus Online portal, select ‘Family View’, followed by ‘View Statement’."
